{
    "type": "package",
    "name": "elm/file",
    "summary": "Select files. Download files. Work with file content.",
    "license": "BSD-3-Clause",
    "version": "1.0.2",
    "exposed-modules": [
        "File",
        "File.Select",
        "File.Download"
    ],
    "elm-version": "0.19.0 <= v < 0.20.0",
    "dependencies": {
        "elm/bytes": "1.0.0 <= v < 2.0.0",
        "elm/core": "1.0.1 <= v < 2.0.0",
        "elm/json": "1.1.0 <= v < 2.0.0",
        "elm/time": "1.0.0 <= v < 2.0.0"
    },
    "test-dependencies": {}
}