{
    "type": "package",
    "name": "elm-explorations/linear-algebra",
    "summary": "A linear algebra library for fast vector and matrix math",
    "license": "BSD-3-Clause",
    "version": "1.0.3",
    "exposed-modules": [
        "Math.Vector2",
        "Math.Vector3",
        "Math.Vector4",
        "Math.Matrix4"
    ],
    "elm-version": "0.19.0 <= v < 0.20.0",
    "dependencies": {
        "elm/core": "1.0.0 <= v < 2.0.0"
    },
    "test-dependencies": {
        "elm-explorations/test": "1.0.0 <= v < 2.0.0"
    }
}
