{
    "type": "package",
    "name": "mdgriffith/elm-style-animation",
    "summary": "Style Animations in Elm",
    "license": "BSD-3-Clause",
    "version": "4.0.0",
    "exposed-modules": [
        "Animation",
        "Animation.Messenger",
        "Animation.Spring.Presets"
    ],
    "elm-version": "0.19.0 <= v < 0.20.0",
    "dependencies": {
        "elm/browser": "1.0.0 <= v < 2.0.0",
        "elm/core": "1.0.0 <= v < 2.0.0",
        "elm/html": "1.0.0 <= v < 2.0.0",
        "elm/svg": "1.0.0 <= v < 2.0.0",
        "elm/time": "1.0.0 <= v < 2.0.0"
    },
    "test-dependencies": {}
}