{
    "type": "package",
    "name": "elm-explorations/webgl",
    "summary": "Functional rendering with WebGL in Elm",
    "license": "BSD-3-Clause",
    "version": "1.0.1",
    "exposed-modules": [
        "WebGL",
        "WebGL.Settings",
        "WebGL.Settings.Blend",
        "WebGL.Settings.DepthTest",
        "WebGL.Settings.StencilTest",
        "WebGL.Texture"
    ],
    "elm-version": "0.19.0 <= v < 0.20.0",
    "dependencies": {
        "elm/core": "1.0.0 <= v < 2.0.0",
        "elm/html": "1.0.0 <= v < 2.0.0"
    },
    "test-dependencies": {}
}