{
    "type": "application",
    "source-directories": [
        "../src",
        "."
    ],
    "elm-version": "0.19.0",
    "dependencies": {
        "elm/animation-frame": "1.0.0",
        "elm/browser": "1.0.0",
        "elm/core": "1.0.0",
        "elm/html": "1.0.0",
        "elm/json": "1.0.0",
        "elm/svg": "1.0.0",
        "elm/time": "1.0.0"
    },
    "test-dependencies": {},
    "do-not-edit-this-by-hand": {
        "transitive-dependencies": {
            "elm/url": "1.0.0",
            "elm/virtual-dom": "1.0.0"
        }
    }
}